-- phpMyAdmin SQL Dump
-- version 4.9.2
-- https://www.phpmyadmin.net/
--
-- Host: 127.0.0.1:3306
-- Generation Time: Jun 06, 2020 at 02:48 PM
-- Server version: 10.4.10-MariaDB
-- PHP Version: 7.3.12

SET SQL_MODE = "NO_AUTO_VALUE_ON_ZERO";
SET AUTOCOMMIT = 0;
START TRANSACTION;
SET time_zone = "+00:00";


/*!40101 SET @OLD_CHARACTER_SET_CLIENT=@@CHARACTER_SET_CLIENT */;
/*!40101 SET @OLD_CHARACTER_SET_RESULTS=@@CHARACTER_SET_RESULTS */;
/*!40101 SET @OLD_COLLATION_CONNECTION=@@COLLATION_CONNECTION */;
/*!40101 SET NAMES utf8mb4 */;

--
-- Database: `stock-v2`
--

-- --------------------------------------------------------

--
-- Table structure for table `attributes`
--

DROP TABLE IF EXISTS `attributes`;
CREATE TABLE IF NOT EXISTS `attributes` (
  `id` int(11) NOT NULL AUTO_INCREMENT,
  `name` varchar(255) NOT NULL,
  `active` int(11) NOT NULL,
  PRIMARY KEY (`id`)
) ENGINE=InnoDB AUTO_INCREMENT=4 DEFAULT CHARSET=utf8;

-- --------------------------------------------------------

--
-- Table structure for table `attribute_value`
--

DROP TABLE IF EXISTS `attribute_value`;
CREATE TABLE IF NOT EXISTS `attribute_value` (
  `id` int(11) NOT NULL AUTO_INCREMENT,
  `value` varchar(255) NOT NULL,
  `attribute_parent_id` int(11) NOT NULL,
  PRIMARY KEY (`id`)
) ENGINE=InnoDB AUTO_INCREMENT=14 DEFAULT CHARSET=utf8;

--
-- Dumping data for table `attribute_value`
--

INSERT INTO `attribute_value` (`id`, `value`, `attribute_parent_id`) VALUES
(5, 'Blue', 2),
(6, 'White', 2),
(7, 'M', 3),
(8, 'L', 3),
(9, 'Green', 2),
(10, 'Black', 2),
(12, 'Grey', 2),
(13, 'S', 3);

-- --------------------------------------------------------

--
-- Table structure for table `brands`
--

DROP TABLE IF EXISTS `brands`;
CREATE TABLE IF NOT EXISTS `brands` (
  `id` int(11) NOT NULL AUTO_INCREMENT,
  `name` varchar(255) NOT NULL,
  `active` int(11) NOT NULL,
  PRIMARY KEY (`id`)
) ENGINE=InnoDB AUTO_INCREMENT=5 DEFAULT CHARSET=utf8;

--
-- Dumping data for table `brands`
--

INSERT INTO `brands` (`id`, `name`, `active`) VALUES
(4, 'nails', 1);

-- --------------------------------------------------------

--
-- Table structure for table `categories`
--

DROP TABLE IF EXISTS `categories`;
CREATE TABLE IF NOT EXISTS `categories` (
  `id` int(11) NOT NULL AUTO_INCREMENT,
  `name` varchar(255) NOT NULL,
  `active` int(11) NOT NULL,
  PRIMARY KEY (`id`)
) ENGINE=InnoDB AUTO_INCREMENT=5 DEFAULT CHARSET=utf8;

--
-- Dumping data for table `categories`
--

INSERT INTO `categories` (`id`, `name`, `active`) VALUES
(4, 'nails', 1);

-- --------------------------------------------------------

--
-- Table structure for table `company`
--

DROP TABLE IF EXISTS `company`;
CREATE TABLE IF NOT EXISTS `company` (
  `id` int(11) NOT NULL AUTO_INCREMENT,
  `company_name` varchar(255) NOT NULL,
  `service_charge_value` varchar(255) NOT NULL,
  `vat_charge_value` varchar(255) NOT NULL,
  `address` varchar(255) NOT NULL,
  `phone` varchar(255) NOT NULL,
  `country` varchar(255) NOT NULL,
  `message` text NOT NULL,
  `currency` varchar(255) NOT NULL,
  PRIMARY KEY (`id`)
) ENGINE=InnoDB AUTO_INCREMENT=2 DEFAULT CHARSET=utf8;

--
-- Dumping data for table `company`
--

INSERT INTO `company` (`id`, `company_name`, `service_charge_value`, `vat_charge_value`, `address`, `phone`, `country`, `message`, `currency`) VALUES
(1, 'Infosys private', '13', '16', 'Egerton', '+254780042757', 'Kenya', 'hello everyone one', 'KES');

-- --------------------------------------------------------

--
-- Table structure for table `groups`
--

DROP TABLE IF EXISTS `groups`;
CREATE TABLE IF NOT EXISTS `groups` (
  `id` int(11) NOT NULL AUTO_INCREMENT,
  `group_name` varchar(255) NOT NULL,
  `permission` text NOT NULL,
  PRIMARY KEY (`id`)
) ENGINE=InnoDB AUTO_INCREMENT=5 DEFAULT CHARSET=utf8;

--
-- Dumping data for table `groups`
--

INSERT INTO `groups` (`id`, `group_name`, `permission`) VALUES
(1, 'Administrator', 'a:36:{i:0;s:10:\"createUser\";i:1;s:10:\"updateUser\";i:2;s:8:\"viewUser\";i:3;s:10:\"deleteUser\";i:4;s:11:\"createGroup\";i:5;s:11:\"updateGroup\";i:6;s:9:\"viewGroup\";i:7;s:11:\"deleteGroup\";i:8;s:11:\"createBrand\";i:9;s:11:\"updateBrand\";i:10;s:9:\"viewBrand\";i:11;s:11:\"deleteBrand\";i:12;s:14:\"createCategory\";i:13;s:14:\"updateCategory\";i:14;s:12:\"viewCategory\";i:15;s:14:\"deleteCategory\";i:16;s:11:\"createStore\";i:17;s:11:\"updateStore\";i:18;s:9:\"viewStore\";i:19;s:11:\"deleteStore\";i:20;s:15:\"createAttribute\";i:21;s:15:\"updateAttribute\";i:22;s:13:\"viewAttribute\";i:23;s:15:\"deleteAttribute\";i:24;s:13:\"createProduct\";i:25;s:13:\"updateProduct\";i:26;s:11:\"viewProduct\";i:27;s:13:\"deleteProduct\";i:28;s:11:\"createOrder\";i:29;s:11:\"updateOrder\";i:30;s:9:\"viewOrder\";i:31;s:11:\"deleteOrder\";i:32;s:11:\"viewReports\";i:33;s:13:\"updateCompany\";i:34;s:11:\"viewProfile\";i:35;s:13:\"updateSetting\";}'),
(4, 'Staff', 'a:9:{i:0;s:11:\"createBrand\";i:1;s:14:\"createCategory\";i:2;s:11:\"createStore\";i:3;s:15:\"createAttribute\";i:4;s:13:\"createProduct\";i:5;s:13:\"updateProduct\";i:6;s:11:\"createOrder\";i:7;s:9:\"viewOrder\";i:8;s:13:\"updateSetting\";}');

-- --------------------------------------------------------

--
-- Table structure for table `orders`
--

DROP TABLE IF EXISTS `orders`;
CREATE TABLE IF NOT EXISTS `orders` (
  `id` int(11) NOT NULL AUTO_INCREMENT,
  `bill_no` varchar(255) NOT NULL,
  `customer_name` varchar(255) NOT NULL,
  `customer_address` varchar(255) NOT NULL,
  `customer_phone` varchar(255) NOT NULL,
  `date_time` varchar(255) NOT NULL,
  `gross_amount` varchar(255) NOT NULL,
  `service_charge_rate` varchar(255) NOT NULL,
  `service_charge` varchar(255) NOT NULL,
  `vat_charge_rate` varchar(255) NOT NULL,
  `vat_charge` varchar(255) NOT NULL,
  `net_amount` varchar(255) NOT NULL,
  `discount` varchar(255) NOT NULL,
  `paid_status` int(11) NOT NULL,
  `user_id` int(11) NOT NULL,
  PRIMARY KEY (`id`)
) ENGINE=InnoDB AUTO_INCREMENT=10 DEFAULT CHARSET=utf8;

--
-- Dumping data for table `orders`
--

INSERT INTO `orders` (`id`, `bill_no`, `customer_name`, `customer_address`, `customer_phone`, `date_time`, `gross_amount`, `service_charge_rate`, `service_charge`, `vat_charge_rate`, `vat_charge`, `net_amount`, `discount`, `paid_status`, `user_id`) VALUES
(2, 'BILPR-A6F3', '', '', '', '1591000475', '10.00', '13', '1.30', '16', '1.60', '12.90', '', 1, 1),
(3, 'BILPR-7C26', '', '', '', '1591003751', '340.00', '13', '44.20', '16', '54.40', '438.60', '', 1, 1),
(4, 'BILPR-A004', '', '', '', '1591176889', '10.00', '13', '1.30', '16', '1.60', '12.90', '', 1, 1),
(5, 'BILPR-3D87', '', '', '', '1591177005', '10.00', '13', '1.30', '16', '1.60', '12.90', '', 1, 1),
(6, 'BILPR-95F7', '', '', '', '1591267870', '10.00', '13', '1.30', '16', '1.60', '12.90', '', 1, 1),
(7, 'BILPR-7051', '', '', '', '1591277500', '200.00', '13', '26.00', '16', '32.00', '258.00', '', 1, 1),
(8, 'BILPR-CCC1', '', '', '', '1591277548', '300.00', '13', '39.00', '16', '48.00', '387.00', '', 1, 1),
(9, 'BILPR-BCFA', '', '', '', '1591285605', '20.00', '13', '2.60', '16', '3.20', '25.80', '', 1, 1);

-- --------------------------------------------------------

--
-- Table structure for table `orders_item`
--

DROP TABLE IF EXISTS `orders_item`;
CREATE TABLE IF NOT EXISTS `orders_item` (
  `id` int(11) NOT NULL AUTO_INCREMENT,
  `order_id` int(11) NOT NULL,
  `product_id` int(11) NOT NULL,
  `qty` varchar(255) NOT NULL,
  `rate` varchar(255) NOT NULL,
  `amount` varchar(255) NOT NULL,
  PRIMARY KEY (`id`)
) ENGINE=InnoDB AUTO_INCREMENT=20 DEFAULT CHARSET=utf8;

--
-- Dumping data for table `orders_item`
--

INSERT INTO `orders_item` (`id`, `order_id`, `product_id`, `qty`, `rate`, `amount`) VALUES
(4, 2, 2, '1', '10', '10.00'),
(6, 3, 2, '34', '10', '340.00'),
(9, 4, 2, '1', '10', '10.00'),
(11, 5, 2, '1', '10', '10.00'),
(13, 6, 2, '1', '10', '10.00'),
(15, 7, 2, '20', '10', '200.00'),
(17, 8, 2, '30', '10', '300.00'),
(19, 9, 2, '2', '10', '20.00');

-- --------------------------------------------------------

--
-- Table structure for table `products`
--

DROP TABLE IF EXISTS `products`;
CREATE TABLE IF NOT EXISTS `products` (
  `id` int(11) NOT NULL AUTO_INCREMENT,
  `name` varchar(255) NOT NULL,
  `sku` varchar(255) NOT NULL,
  `price` varchar(255) NOT NULL,
  `qty` varchar(255) NOT NULL,
  `image` text NOT NULL,
  `description` text NOT NULL,
  `attribute_value_id` text DEFAULT NULL,
  `brand_id` text NOT NULL,
  `category_id` text NOT NULL,
  `store_id` int(11) NOT NULL,
  `availability` int(11) NOT NULL,
  PRIMARY KEY (`id`)
) ENGINE=InnoDB AUTO_INCREMENT=3 DEFAULT CHARSET=utf8;

--
-- Dumping data for table `products`
--

INSERT INTO `products` (`id`, `name`, `sku`, `price`, `qty`, `image`, `description`, `attribute_value_id`, `brand_id`, `category_id`, `store_id`, `availability`) VALUES
(2, 'nails', '444', '10', '11', '<p>You did not select a file to upload.</p>', '', 'null', '[\"4\"]', '[\"4\"]', 3, 1);

-- --------------------------------------------------------

--
-- Table structure for table `stores`
--

DROP TABLE IF EXISTS `stores`;
CREATE TABLE IF NOT EXISTS `stores` (
  `id` int(11) NOT NULL AUTO_INCREMENT,
  `name` varchar(255) NOT NULL,
  `active` int(11) NOT NULL,
  PRIMARY KEY (`id`)
) ENGINE=InnoDB AUTO_INCREMENT=4 DEFAULT CHARSET=utf8;

--
-- Dumping data for table `stores`
--

INSERT INTO `stores` (`id`, `name`, `active`) VALUES
(3, 'hardware', 1);

-- --------------------------------------------------------

--
-- Table structure for table `users`
--

DROP TABLE IF EXISTS `users`;
CREATE TABLE IF NOT EXISTS `users` (
  `id` int(11) NOT NULL AUTO_INCREMENT,
  `username` varchar(255) NOT NULL,
  `password` varchar(255) NOT NULL,
  `email` varchar(255) NOT NULL,
  `firstname` varchar(255) NOT NULL,
  `lastname` varchar(255) NOT NULL,
  `phone` varchar(255) NOT NULL,
  `gender` int(11) NOT NULL,
  PRIMARY KEY (`id`)
) ENGINE=InnoDB AUTO_INCREMENT=7 DEFAULT CHARSET=utf8;

--
-- Dumping data for table `users`
--

INSERT INTO `users` (`id`, `username`, `password`, `email`, `firstname`, `lastname`, `phone`, `gender`) VALUES
(1, 'admin', '$2y$10$yfi5nUQGXUZtMdl27dWAyOd/jMOmATBpiUvJDmUu9hJ5Ro6BE5wsK', 'admin@admin.com', 'Sang', 'Ryan', '0758947394', 1),
(6, 'ryansang', '$2y$10$T9HtSEN3B7vEEsjgMI89Z.rkLmEUERypRryAVxMagkNwbUBH4XXlu', 'sangryan1@gmail.com', 'Ryan', 'Sang', '0758947394', 1);

-- --------------------------------------------------------

--
-- Table structure for table `user_group`
--

DROP TABLE IF EXISTS `user_group`;
CREATE TABLE IF NOT EXISTS `user_group` (
  `id` int(11) NOT NULL AUTO_INCREMENT,
  `user_id` int(11) NOT NULL,
  `group_id` int(11) NOT NULL,
  PRIMARY KEY (`id`)
) ENGINE=InnoDB AUTO_INCREMENT=8 DEFAULT CHARSET=utf8;

--
-- Dumping data for table `user_group`
--

INSERT INTO `user_group` (`id`, `user_id`, `group_id`) VALUES
(1, 1, 1),
(7, 6, 4);

--
-- Indexes for dumped tables
--

--
-- Indexes for table `orders`
--
ALTER TABLE `orders` ADD FULLTEXT KEY `net_amount` (`net_amount`);
COMMIT;

/*!40101 SET CHARACTER_SET_CLIENT=@OLD_CHARACTER_SET_CLIENT */;
/*!40101 SET CHARACTER_SET_RESULTS=@OLD_CHARACTER_SET_RESULTS */;
/*!40101 SET COLLATION_CONNECTION=@OLD_COLLATION_CONNECTION */;
